File, GS Overlap, GS Energy, HF Energy, DMRG2 Energy
Be_STO-3G_SINGLET_BK.json, 0.9999995890448002, -14.403655108067658, -14.351880476202012, -14.403654991144302
