File, D,  GS Overlap, GS Energy, HF Energy, DMRG2 Energy
H4_STO-3G_SINGLET_JW.json, 16, 0.0, -1.8743019741837204, -1.333349777097312, -1.3833704578024824
H4_STO-3G_SINGLET_JW.json, 32, 0.0, -1.874301974183723, -1.333349777097312, -1.8451381802165379
H4_STO-3G_SINGLET_JW.json, 64, 0.04255178059956925, -1.874301974183719, -1.333349777097312, -1.8558275152775299
H4_STO-3G_SINGLET_JW.json, 128, 0.9998881715392696, -1.8743019741837172, -1.333349777097312, -1.8743006962577338
